City,Lat,Lng,Max Temp,Humidity,Cloudiness,Wind Speed,Country,Date
Atuona,-9.8,-139.0333,80.94,77,4,11.36,PF,1616124211
Dingle,10.9995,122.6711,86.47,66,62,8.59,PH,1616124422
Vadsø,70.0744,29.7487,3.2,92,82,6.91,NO,1616124424
Provideniya,64.3833,-173.3,1.4,60,0,2.24,RU,1616124426
Bredasdorp,-34.5322,20.0403,60.8,94,100,6.91,ZA,1616124381
Saint-Joseph,-21.3667,55.6167,75.99,73,20,4.61,RE,1616124428
Caconda,-13.7333,15.0667,58.5,94,100,1.34,AO,1616124429
Cidreira,-30.1811,-50.2056,70.34,82,25,7.96,BR,1616124277
Hilo,19.7297,-155.09,68.0,88,90,8.05,US,1616124286
Hāveri,14.8,75.4,79.63,49,54,2.95,IN,1616124432
Mar del Plata,-38.0023,-57.5575,54.0,93,0,0.74,AR,1616124434
Avarua,-21.2078,-159.775,82.4,74,40,11.5,CK,1616124276
Yambio,4.5721,28.3955,66.78,83,53,2.24,SS,1616124436
Mahébourg,-20.4081,57.7,73.4,88,40,1.14,MU,1616124398
Balabac,7.9868,117.0645,85.37,65,100,3.69,PH,1616124438
Saint-Philippe,-21.3585,55.7679,75.99,73,20,4.61,RE,1616124439
Lompoc,34.6391,-120.4579,55.4,76,20,3.98,US,1616124400
Nikolskoye,59.7035,30.7861,21.0,85,0,4.47,RU,1616124418
Kapaa,22.0752,-159.319,71.01,68,90,19.57,US,1616124213
Hithadhoo,-0.6,73.0833,82.96,70,100,6.31,MV,1616124199
Lesozavodsk,45.4794,133.4244,31.91,64,100,4.05,RU,1616124444
Tasiilaq,65.6145,-37.6368,33.8,60,75,5.75,GL,1616124230
Östersund,63.1792,14.6357,15.8,67,61,4.61,SE,1616124446
Puerto Ayora,-0.7393,-90.3518,78.01,92,71,6.15,EC,1616124261
Prainha,-1.8,-53.48,74.26,83,100,1.12,BR,1616124448
Torbay,47.6666,-52.7314,37.0,87,90,24.16,CA,1616124449
Bluff,-46.6,168.3333,60.01,71,59,8.01,NZ,1616124272
Puerto del Rosario,28.5004,-13.8627,62.6,77,20,10.36,ES,1616124451
Saldanha,-33.0117,17.9442,61.93,89,100,12.73,ZA,1616124031
Deputatsky,69.3,139.9,-18.67,83,28,4.56,RU,1616124455
Carnarvon,-24.8667,113.6333,93.2,24,0,12.66,AU,1616124354
Charters Towers,-20.1,146.2667,85.89,52,100,8.23,AU,1616124457
Hong Kong,22.2855,114.1577,82.99,65,20,14.97,HK,1616124323
Ushuaia,-54.8,-68.3,44.6,76,40,6.91,AR,1616124198
Rikitea,-23.1203,-134.9692,80.24,77,83,12.68,PF,1616124204
Mahendragarh,28.2833,76.15,78.78,26,100,4.0,IN,1616124461
Jérémie,18.65,-74.1167,75.54,82,19,2.75,HT,1616124462
Bathsheba,13.2167,-59.5167,75.2,69,40,9.22,BB,1616124463
Albany,42.6001,-73.9662,37.4,60,90,14.97,US,1616124122
Punta Arenas,-53.15,-70.9167,48.2,81,75,9.22,CL,1616124270
Kruisfontein,-34.0033,24.7314,68.0,76,2,5.99,ZA,1616124292
Upernavik,72.7868,-56.1549,-3.66,94,100,6.96,GL,1616124255
Port Alfred,-33.5906,26.891,70.34,87,66,22.93,ZA,1616124469
Evanston,42.0411,-87.6901,39.0,70,75,26.46,US,1616124470
Sur,22.5667,59.5289,79.74,39,0,4.21,OM,1616124471
Kaitangata,-46.2817,169.8464,61.0,61,95,8.01,NZ,1616124279
Broome,42.2506,-75.833,35.01,74,1,18.41,US,1616124473
Yellowknife,62.456,-114.3525,26.01,73,75,2.3,CA,1616124241
Busselton,-33.65,115.3333,83.37,32,86,9.06,AU,1616124231
Barrow,71.2906,-156.7887,1.4,71,90,13.8,US,1616124250
Saskylakh,71.9167,114.0833,-20.7,92,100,13.47,RU,1616124220
Souillac,-20.5167,57.5167,73.4,88,40,1.14,MU,1616124283
Cururupu,-1.8283,-44.8683,73.6,97,100,1.28,BR,1616124480
Vaini,-21.2,-175.2,82.4,83,75,8.05,TO,1616124257
Beisfjord,68.3751,17.5988,26.6,46,90,10.36,NO,1616124481
Tuatapere,-46.1333,167.6833,60.01,71,84,8.01,NZ,1616124370
Liuhe,42.2401,125.7172,48.94,29,12,2.28,CN,1616124484
Castro,-24.7911,-50.0119,62.85,98,46,8.39,BR,1616124384
Hermanus,-34.4187,19.2345,61.0,95,100,9.06,ZA,1616124209
Praia da Vitória,38.7333,-27.0667,59.0,100,75,10.87,PT,1616124366
Hobart,-42.8794,147.3294,75.0,43,20,5.75,AU,1616124269
Cape Town,-33.9258,18.4232,64.0,94,75,10.36,ZA,1616124423
Gamba,-2.65,10.0,77.31,82,100,2.08,GA,1616124489
Port Blair,11.6667,92.75,85.37,50,0,6.02,IN,1616124490
Thompson,55.7435,-97.8558,37.4,56,1,5.75,CA,1616124252
Pacific Grove,36.6177,-121.9166,57.2,88,90,6.96,US,1616124493
San Patricio,28.017,-97.5169,63.0,39,1,10.36,US,1616124494
Hīt,33.6416,42.8251,57.74,46,0,4.43,IQ,1616124495
Mount Isa,-20.7333,139.5,93.2,31,40,11.5,AU,1616124496
Sabang,5.8933,95.3214,83.23,70,17,10.67,ID,1616124497
Garoowe,8.4054,48.4845,72.01,74,99,10.63,SO,1616124498
Borås,57.721,12.9401,30.2,80,90,14.97,SE,1616124499
Faanui,-16.4833,-151.75,82.44,64,58,3.91,PF,1616124203
Bilma,18.6853,12.9164,77.88,18,12,5.93,NE,1616124406
Solnechnyy,50.7214,136.6319,28.47,65,92,3.65,RU,1616124502
Mataura,-46.1927,168.8643,60.01,71,78,8.01,NZ,1616124225
Tuktoyaktuk,69.4541,-133.0374,-14.8,76,40,6.91,CA,1616124352
Tiksi,71.6872,128.8694,-4.07,95,100,11.27,RU,1616124348
Arman',59.7,150.1667,15.21,58,0,6.44,RU,1616124506
Malé,4.1748,73.5089,86.0,70,75,5.75,MV,1616124507
Poum,-20.2333,164.0167,80.1,79,100,17.56,NC,1616124273
Yar-Sale,66.8333,70.8333,-6.59,97,99,9.57,RU,1616124509
Esperance,-33.8667,121.9,78.8,38,0,8.05,AU,1616124404
Archidona,37.0965,-4.3887,54.0,94,36,1.01,ES,1616124511
Hamilton,39.1834,-84.5333,42.01,75,90,25.32,US,1616124046
Bengkulu,-3.8004,102.2655,76.14,86,100,3.76,ID,1616124326
Arraial do Cabo,-22.9661,-42.0278,76.46,87,86,21.74,BR,1616124514
Ribeira Grande,38.5167,-28.7,59.76,82,98,23.31,PT,1616124515
Cap Malheureux,-19.9842,57.6142,79.0,74,3,1.99,MU,1616124516
Diego de Almagro,-26.3667,-70.05,53.73,84,1,0.47,CL,1616124517
The Valley,18.217,-63.0578,77.0,69,20,11.5,AI,1616124385
Lebu,-37.6167,-73.65,53.17,88,3,3.53,CL,1616124319
Yangambi,0.8102,24.4336,69.49,79,32,1.41,CD,1616124520
Brigantine,39.4101,-74.3646,48.99,100,90,10.36,US,1616124522
Dikson,73.5069,80.5464,-25.64,97,56,8.84,RU,1616124271
Linares,-35.85,-71.6,47.84,88,0,3.04,CL,1616124525
Amontada,-3.3617,-39.8317,73.47,95,94,3.06,BR,1616124526
Vanavara,60.34,102.2797,19.22,88,100,11.07,RU,1616124527
Esso,55.9333,158.7,29.34,89,100,5.35,RU,1616124528
Jamestown,42.097,-79.2353,32.0,59,1,18.28,US,1616124245
Nānākuli,21.3906,-158.1547,73.4,64,75,12.66,US,1616124530
Mariehamn,60.0973,19.9348,26.6,50,0,13.8,AX,1616124531
Fukuechō,32.6881,128.8419,62.6,77,75,11.5,JP,1616124407
Port Elizabeth,-33.918,25.5701,68.0,88,0,27.63,ZA,1616124282
Namatanai,-3.6667,152.4333,86.41,60,100,5.17,PG,1616124190
Narsaq,60.9167,-46.05,26.6,63,90,4.61,GL,1616124314
Aklavik,68.2191,-135.0107,-9.4,77,67,4.61,CA,1616124294
Port Macquarie,-31.4333,152.9167,71.6,94,90,14.97,AU,1616124536
Caravelas,-17.7125,-39.2481,75.69,89,33,4.74,BR,1616124538
Ancud,-41.8697,-73.8203,48.99,87,0,5.46,CL,1616124317
Oranjestad,12.524,-70.027,78.8,73,20,14.97,AW,1616124540
Koumac,-20.5667,164.2833,81.66,73,100,5.37,NC,1616124524
Manhattan,40.7834,-73.9662,45.0,87,90,10.36,US,1616124485
East London,-33.0153,27.9116,68.0,94,75,16.11,ZA,1616124544
Yamoussoukro,6.8206,-5.2767,73.4,94,40,4.61,CI,1616124545
Qaanaaq,77.484,-69.3632,-13.49,79,31,7.56,GL,1616124369
Saint Paul Harbor,57.79,-152.4072,26.6,43,90,10.36,US,1616124378
Moranbah,-22.0016,148.0466,84.94,56,100,15.5,AU,1616124548
Grand Gaube,-20.0064,57.6608,79.0,74,3,3.0,MU,1616124549
Bagdogra,26.7,88.3167,84.54,20,1,5.93,IN,1616124550
Makushino,55.2103,67.2442,23.77,81,100,13.96,RU,1616124551
Airai,-8.9266,125.4092,72.59,72,100,1.95,TL,1616124376
Laguna,38.421,-121.4238,54.0,94,90,3.44,US,1616124349
Shingū,33.7333,135.9833,60.8,55,0,5.75,JP,1616124467
George Town,5.4112,100.3354,87.8,48,20,3.44,MY,1616124032
Idenao,4.2475,9.0047,77.7,87,99,3.24,CM,1616124556
Mount Gambier,-37.8333,140.7667,80.6,41,0,8.05,AU,1616124557
Yantzaza,-3.8278,-78.7594,67.59,98,100,1.48,EC,1616124559
Simimbaan,17.1157,121.5824,84.07,75,74,3.76,PH,1616124560
Mpulungu,-8.7623,31.1141,71.33,77,98,4.81,ZM,1616124561
Khanpur,28.6453,70.6567,73.56,34,0,12.39,PK,1616124549
Ciawi,-7.5117,107.9767,80.46,63,62,3.85,ID,1616124563
Arroyo de la Encomienda,41.6096,-4.7969,39.0,81,75,13.8,ES,1616124565
Saint Anthony,45.0205,-93.218,41.0,48,1,5.75,US,1616124383
Kitui,-1.367,38.0106,66.02,91,100,3.4,KE,1616124568
Sayyan,15.1718,44.3244,50.63,22,73,2.64,YE,1616124569
Husavik,66.0449,-17.3389,46.4,71,75,12.66,IS,1616124512
Iwaki,37.05,140.8833,59.0,60,87,7.0,JP,1616124572
Fortuna,40.5982,-124.1573,48.99,87,75,6.91,US,1616124458
Duiwelskloof,-23.6934,30.14,63.18,86,0,2.48,ZA,1616124574
Comodoro Rivadavia,-45.8667,-67.5,64.4,42,0,6.91,AR,1616124543
Talnakh,69.4865,88.3972,-16.71,96,100,5.93,RU,1616124334
Griffith,41.5284,-87.4237,37.99,81,1,11.5,US,1616124577
Gornopravdinsk,60.05,69.9,22.82,87,100,9.84,RU,1616124578
Maniwaki,46.3834,-75.966,21.2,42,0,14.97,CA,1616124579
Cabo San Lucas,22.8909,-109.9124,78.8,31,1,8.05,MX,1616124406
Dandong,40.1292,124.3947,53.13,42,25,3.13,CN,1616124582
Codrington,-38.2667,141.9667,74.23,56,0,9.31,AU,1616124419
Ahipara,-35.1667,173.1667,68.5,60,70,9.19,NZ,1616124340
Minot,48.2325,-101.2963,41.0,60,1,11.5,US,1616124585
Santa Cruz de la Sierra,-17.8,-63.1667,71.6,83,75,3.44,BO,1616124586
Magadan,59.5667,150.8,13.8,58,0,4.09,RU,1616124387
Ilulissat,69.2167,-51.1,6.8,66,55,6.91,GL,1616124432
Çorlu,41.1592,27.8,35.6,93,75,5.75,TR,1616124589
Clyde River,70.4692,-68.5914,-25.6,68,1,4.61,CA,1616124591
Ovalle,-30.5983,-71.2003,50.86,87,0,1.72,CL,1616124507
Lufilufi,-13.8745,-171.5986,82.4,89,75,6.91,WS,1616124594
Shenjiamen,29.9576,122.298,54.01,96,100,6.38,CN,1616124417
Bay City,43.5945,-83.8889,35.01,60,1,13.8,US,1616124596
Severo-Kuril'sk,50.6789,156.125,31.82,91,75,8.48,RU,1616124207
Lorengau,-2.0226,147.2712,84.49,72,89,5.08,PG,1616124309
Ostrovnoy,68.0531,39.5131,13.15,84,99,5.91,RU,1616124361
Ascension,30.2169,-90.9001,57.2,62,1,5.75,US,1616124600
Mwense,-10.3845,28.698,63.77,91,100,3.0,ZM,1616124603
Kieta,-6.2167,155.6333,83.64,75,62,3.89,PG,1616124604
Vuktyl,63.8567,57.3094,23.36,96,100,2.15,RU,1616124607
Coahuayana Viejo,18.7333,-103.6833,67.53,88,0,3.33,MX,1616124608
Navalmoral de la Mata,39.8916,-5.5406,37.99,67,15,1.99,ES,1616124609
Djibo,14.1022,-1.6306,75.51,12,12,8.81,BF,1616124610
Vila Velha,-20.3297,-40.2925,73.4,94,20,3.44,BR,1616124611
Butaritari,3.0707,172.7902,81.66,76,2,11.05,KI,1616124224
São João da Barra,-21.6403,-41.0511,76.48,86,70,16.42,BR,1616124469
San Quintín,30.4833,-115.95,56.48,83,0,12.8,MX,1616124614
Tsimmerbude,54.675,20.1347,32.0,93,75,2.24,RU,1616124552
Karasjok,69.4719,25.5112,15.8,73,40,19.57,NO,1616124616
Dhidhdhoo,6.8833,73.1,82.31,68,60,6.06,MV,1616124618
Ulaanbaatar,47.9077,106.8832,17.6,53,75,4.47,MN,1616124548
Batemans Bay,-35.7167,150.1833,73.0,75,100,3.0,AU,1616124609
Guararapes,-21.2608,-50.6428,70.92,86,12,8.16,BR,1616124622
Awjilah,29.1081,21.2869,59.47,35,54,10.74,LY,1616124594
Buala,-8.145,159.5921,85.08,66,77,1.36,SB,1616124624
Vestmanna,62.1564,-7.1664,44.6,100,75,13.8,FO,1616124626
Okhotsk,59.3833,143.3,17.47,64,0,21.85,RU,1616124605
Natal,-5.795,-35.2094,78.8,83,0,6.91,BR,1616124246
Nara,34.6851,135.8049,62.6,29,0,3.44,JP,1616124629
Caluquembe,-13.7833,14.6833,58.3,95,100,0.98,AO,1616124630
Isangel,-19.55,169.2667,86.0,66,75,11.5,VU,1616124322
Chapais,49.7834,-74.8492,3.2,72,1,5.75,CA,1616124537
San Andrés,12.5847,-81.7006,80.6,78,40,10.36,CO,1616124633
Longyearbyen,78.2186,15.6401,30.2,100,90,31.07,SJ,1616124348
Rumuruti,0.267,36.5389,58.1,90,94,7.09,KE,1616124635
Kamenka,51.3223,42.7678,28.0,88,99,6.06,RU,1616124636
Katsuura,35.1333,140.3,62.01,55,75,14.97,JP,1616124295
Kungurtug,50.5994,97.5228,14.29,73,100,1.5,RU,1616124639
Vila Franca do Campo,37.7167,-25.4333,59.0,77,75,8.05,PT,1616124373
Fereydūnkenār,36.6864,52.5225,51.69,84,97,4.63,IR,1616124642
Longhua,23.6137,114.1919,81.99,62,93,4.18,CN,1616124643
Nemuro,43.3236,145.575,32.0,59,75,8.05,JP,1616124644
Ous,60.9058,61.5186,20.79,96,100,2.28,RU,1616124441
Ambon City,-3.6954,128.1814,89.6,62,40,8.05,ID,1616124647
Moerai,-22.4333,-151.3333,79.43,77,0,16.64,PF,1616124648
Pangnirtung,66.1451,-65.7125,-17.72,77,0,2.86,CA,1616124297
Banda Aceh,5.5577,95.3222,83.86,72,6,9.13,ID,1616124501
Cayenne,4.9333,-52.3333,78.01,94,20,2.3,GF,1616124651
Urucará,-2.5364,-57.76,71.35,99,100,1.3,BR,1616124652
Abéché,13.8292,20.8324,82.54,16,18,17.43,TD,1616124427
Tahe,52.3333,124.7333,28.69,60,5,4.72,CN,1616124654
Khatanga,71.9667,102.5,-14.39,93,100,11.05,RU,1616124350
Bethel,41.3712,-73.414,41.0,91,100,4.0,US,1616124229
Meulaboh,4.1363,96.1285,83.75,73,89,3.62,ID,1616124551
Gushikawa,26.3544,127.8686,75.2,78,75,3.44,JP,1616124659
Maragogi,-9.0122,-35.2225,76.78,84,57,4.81,BR,1616124660
Griffin,33.2468,-84.2641,51.01,76,90,16.11,US,1616124661
Visnes,59.3556,5.2242,37.99,93,0,5.75,NO,1616124663
Roald,62.5833,6.1333,37.4,100,90,6.91,NO,1616124332
Shubarkuduk,49.1447,56.4872,34.72,92,97,19.28,KZ,1616124665
Geraldton,-28.7667,114.6,100.4,8,0,16.11,AU,1616124290
Kanigoro,-8.13,112.219,86.9,64,64,6.76,ID,1616124667
Harar,9.3094,42.1258,60.57,79,5,1.57,ET,1616124670
Pedernales,18.0384,-71.744,76.17,68,3,4.99,DO,1616124671
Broken Hill,-31.95,141.4333,78.8,47,7,18.41,AU,1616124497
Bambous Virieux,-20.3428,57.7575,79.0,88,40,1.14,MU,1616124674
Lumberton,34.6182,-79.0086,62.6,88,75,5.75,US,1616124613
Tāybād,34.74,60.7756,68.22,30,100,10.96,IR,1616124677
Itoman,26.1247,127.6694,75.2,78,40,6.91,JP,1616124678
Arlit,18.7369,7.3853,73.35,18,3,2.35,NE,1616124680
Gorontalo,0.5412,123.0595,86.41,75,64,4.16,ID,1616124681
Nhulunbuy,-12.2333,136.7667,80.6,89,75,4.61,AU,1616124682
Farnes,61.3167,7.8,22.77,85,0,1.92,NO,1616124684
Khuzdar,27.7384,66.6434,72.28,19,8,3.06,PK,1616124681
Betanzos,43.2804,-8.2147,50.0,72,88,1.99,ES,1616124686
Itarema,-2.9248,-39.9167,75.96,90,85,5.55,BR,1616124687
São Filipe,14.8961,-24.4956,70.57,78,4,5.21,CV,1616124689
Bārāmati,18.15,74.5833,86.4,23,49,11.21,IN,1616124690
Pisco,-13.7,-76.2167,69.01,83,0,9.22,PE,1616124278
Nishihara,26.1842,127.7558,75.2,78,75,5.75,JP,1616124692
Vilhena,-12.7406,-60.1458,67.06,98,98,0.65,BR,1616124694
Koz'modem'yansk,56.3367,46.5711,21.2,93,75,4.47,RU,1616124695
Opuwo,-18.0607,13.84,67.96,76,100,3.69,NA,1616124696
Pevek,69.7008,170.3133,-15.74,86,13,2.04,RU,1616124301
Onufriyivka,48.9072,33.4487,30.42,86,24,4.56,UA,1616124698
York,40.1254,-77.0,43.0,84,100,8.99,US,1616124682
Solenzo,12.1833,-4.0833,77.83,15,14,4.38,BF,1616124700
Hammerfest,70.6634,23.6821,21.2,68,0,18.41,NO,1616124702
Honiara,-9.4333,159.95,84.9,75,97,2.48,SB,1616124703
Amahai,-3.3333,128.9167,84.99,75,87,7.14,ID,1616124704
Kjøllefjord,70.9457,27.3465,22.01,74,99,23.26,NO,1616124131
Noyabrsk,63.1994,75.4507,25.25,95,100,12.68,RU,1616124554
Rocha,-34.4833,-54.3333,53.49,80,45,3.89,UY,1616124707
Coyhaique,-45.5752,-72.0662,45.37,93,88,6.15,CL,1616124279
Buraidah,26.326,43.975,64.4,45,0,5.75,SA,1616124616
Nouadhibou,20.931,-17.0347,62.6,77,0,17.27,MR,1616124710
Ibiá,-19.4783,-46.5389,71.6,68,0,10.36,BR,1616124711
Paphos,34.7667,32.4167,57.2,54,40,10.36,CY,1616124713
Santa Isabel Rio Negro,-0.4139,-65.0192,72.5,98,83,1.48,BR,1616124714
New Norfolk,-42.7826,147.0587,75.99,37,0,1.01,AU,1616124715
Saint George,37.1041,-113.5841,63.0,48,1,6.91,US,1616124716
San Policarpo,12.1791,125.5072,84.85,68,17,7.38,PH,1616124717
Mīzan Teferī,6.9833,35.5833,60.89,93,28,2.33,ET,1616124718
Flinders,-34.5833,150.8552,71.01,81,100,3.0,AU,1616124215
Altagracia de Orituco,9.8601,-66.3814,70.32,83,99,6.58,VE,1616124721
Baykit,61.67,96.37,19.89,88,99,7.2,RU,1616124510
Kargil,34.5667,76.1,19.31,54,74,1.19,IN,1616124723
Gamboma,-1.8764,15.8644,72.05,91,100,3.44,CG,1616124724
Pinsk,52.1229,26.0951,27.07,85,34,3.31,BY,1616124725
Puerto Escondido,15.85,-97.0667,78.8,78,1,6.33,MX,1616124599
Sisimiut,66.9395,-53.6735,13.86,66,96,18.97,GL,1616124727
Tevriz,57.509,72.4042,24.19,76,100,10.02,RU,1616124729
Kunduz,36.729,68.857,62.55,37,100,4.61,AF,1616124730
Abu Dhabi,24.4667,54.3667,78.8,22,0,9.22,AE,1616124648
Abengourou,6.7297,-3.4964,72.28,91,99,3.04,CI,1616124732
Paita,-5.0892,-81.1144,77.02,73,100,9.62,PE,1616124664
Kutum,14.2,24.6667,68.72,24,75,14.14,SD,1616124734
Nortelândia,-14.4547,-56.8028,72.0,97,100,3.96,BR,1616124735
Genhe,50.7833,121.5167,28.62,78,68,1.99,CN,1616124736
Oltu,40.5498,42.0013,29.89,76,99,6.31,TR,1616124737
Port Augusta,-32.5,137.7667,82.99,50,77,12.66,AU,1616124738
Acajutla,13.5928,-89.8275,78.75,73,38,5.14,SV,1616124739
Horta,38.5333,-28.6333,58.62,83,99,19.19,PT,1616124741
Marivan,35.5219,46.176,40.93,62,0,3.4,IR,1616124742
Alappuzha,9.49,76.3264,83.26,71,92,5.61,IN,1616124743
Tazmalt,36.3868,4.3989,47.7,93,100,5.28,DZ,1616124744
Oddur,4.1213,43.8894,73.63,84,86,14.03,SO,1616124745
Tilichiki,60.4667,166.1,10.69,92,100,8.93,RU,1616124488
Princeton,25.5384,-80.4089,75.2,88,1,4.61,US,1616124454
Paso de los Toros,-32.8167,-56.5167,56.43,76,0,8.9,UY,1616124748
Laas,46.6166,10.7002,28.99,79,0,4.61,IT,1616124451
Urengoy,65.9667,78.3667,7.3,94,100,5.79,RU,1616124750
Port Hedland,-20.3167,118.5667,87.8,45,40,24.16,AU,1616124751
Mikuni,36.2171,136.1519,53.6,58,40,14.97,JP,1616124752
Kawalu,-7.3817,108.2082,88.79,59,51,2.08,ID,1616124510
Kavieng,-2.5744,150.7967,84.38,71,91,5.44,PG,1616124321
Ursulo Galván,22.7333,-98.3,66.0,46,0,4.0,MX,1616124755
Yerbogachën,61.2767,108.0108,18.72,91,100,12.84,RU,1616124284
Ust-Kuyga,70.0167,135.6,-7.44,82,100,12.24,RU,1616124757
Doka,13.5167,35.7667,77.47,49,99,9.13,SD,1616124281
Hasaki,35.7333,140.8333,62.01,54,75,12.66,JP,1616124355
Ulladulla,-35.35,150.4667,69.8,73,75,10.36,AU,1616124760
Rurrenabaque,-14.4413,-67.5278,68.0,99,100,0.29,BO,1616124761
Kailua,21.4022,-157.7394,69.8,83,75,12.66,US,1616124563
Teknāf,20.8624,92.3058,86.13,38,93,8.57,BD,1616124763
Yagodnoye,62.55,149.6667,-4.94,82,81,4.81,RU,1616124765
Darnah,32.767,22.6367,54.99,65,0,11.95,LY,1616124766
Sabzawār,36.2126,57.6819,53.6,66,40,6.91,IR,1616124768
Canavieiras,-15.675,-38.9472,74.55,87,1,1.79,BR,1616124546
Lüderitz,-26.6481,15.1594,62.83,66,25,12.53,NA,1616124201
Rong Kwang,18.339,100.3174,89.6,58,27,5.75,TH,1616124771
Ketchikan,55.3422,-131.6461,37.4,100,90,4.61,US,1616124773
Beloha,-25.1667,45.05,71.92,86,0,4.27,MG,1616124525
Chichihualco,17.6833,-99.65,63.28,77,40,6.51,MX,1616124775
Sitka,57.0531,-135.33,37.4,52,40,9.22,US,1616124256
Gillette,44.2911,-105.5022,33.8,75,1,14.97,US,1616124778
Alice Springs,-23.7,133.8833,78.8,34,92,14.97,AU,1616124779
Aksu,41.1231,80.2644,41.95,52,0,5.46,CN,1616124780
Venezuela,8.0,-66.0,79.41,58,68,16.24,VE,1616124781
Safi,32.2994,-9.2372,60.71,78,70,9.31,MA,1616124783
Taoudenni,22.6783,-3.9836,70.11,16,0,7.23,ML,1616124343
São João do Piauí,-8.3581,-42.2467,70.11,97,66,1.83,BR,1616124786
Adrar,20.5022,-10.0711,67.14,13,0,3.47,MR,1616124217
Fairbanks,64.8378,-147.7164,12.0,72,75,5.75,US,1616124425
Novokruchininskiy,51.7833,113.7667,24.8,80,75,4.47,RU,1616124788
Bonavista,48.6499,-53.1147,36.0,93,100,12.66,CA,1616124536
Pangai,-19.8,-174.35,84.2,79,75,5.75,TO,1616124790
Sola,-13.8833,167.55,84.2,94,99,3.44,VU,1616124335
Vao,-22.6667,167.4833,76.86,74,98,14.92,NC,1616124234
Petropavlovsk-Kamchatskiy,53.0452,158.6483,42.8,45,86,2.24,RU,1616124615
Nerekhta,57.4588,40.5747,30.2,93,90,2.24,RU,1616124795
Ponta do Sol,32.6667,-17.1,61.0,31,0,3.0,PT,1616124796
Aksarka,66.5606,67.7975,-7.69,97,100,12.55,RU,1616124797
Kavaratti,10.5669,72.642,83.62,66,57,8.32,IN,1616124436
Exaplatanos,40.9772,22.125,43.0,99,100,1.99,GR,1616124799
Kodīnar,20.7903,70.7031,81.27,52,0,10.76,IN,1616124801
Kabarnet,0.4919,35.743,55.96,79,100,1.03,KE,1616124802
Lárdos,36.0942,28.0157,51.8,62,20,4.61,GR,1616124803
Khovd,48.0056,91.6419,20.14,66,100,0.45,MN,1616124339
Olkusz,50.2813,19.565,28.0,86,75,1.14,PL,1616124805
Chicama,-7.8447,-79.1469,73.76,69,100,5.23,PE,1616124807
Saint-Pierre,-21.3393,55.4781,75.99,73,20,4.61,RE,1616124363
Intipucá,13.1969,-88.0544,75.81,81,55,1.5,SV,1616124809
Ferme-Neuve,46.7001,-75.4493,21.2,42,0,14.97,CA,1616124810
Huarmey,-10.0681,-78.1522,72.14,78,100,7.07,PE,1616124811
Korla,41.7597,86.1469,33.64,86,91,4.41,CN,1616124571
Yūki,36.3,139.8833,64.99,44,75,13.8,JP,1616124813
Guerrero Negro,27.9769,-114.0611,58.01,81,1,15.52,MX,1616124815
Bonthe,7.5264,-12.505,76.82,80,0,3.89,SL,1616124816
Trzebiatów,54.0615,15.2648,34.0,100,83,13.18,PL,1616124817
Arvika,59.6553,12.5852,17.6,100,48,3.44,SE,1616124818
Bariloche,-41.1456,-71.3082,46.4,76,0,2.3,AR,1616124820
Chui,-33.6971,-53.4616,57.63,79,1,6.11,UY,1616124305
Lumeje,-11.55,20.7833,63.66,96,98,2.59,AO,1616124822
Muriwai Beach,-36.8167,174.45,69.01,60,70,1.01,NZ,1616124823
Ruwi,23.5996,58.5507,75.2,31,0,2.3,OM,1616124824
West Bay,19.3667,-81.4167,79.0,78,0,5.75,KY,1616124826
Saint-François,46.4154,3.9054,35.6,93,75,3.44,FR,1616124827
Lata,40.1629,-8.3327,52.0,59,21,4.0,PT,1616124530
Marrakesh,31.6315,-8.0083,55.4,88,50,4.61,MA,1616124774
Vestmannaeyjar,63.4427,-20.2734,46.56,90,100,20.71,IS,1616124241
Praia,14.9215,-23.5087,68.0,73,0,8.05,CV,1616124500
Beaverlodge,55.2166,-119.4361,35.6,75,75,5.75,CA,1616124832
Bayan,46.0833,127.4,38.41,42,87,2.71,CN,1616124833
Pimentel,-6.8367,-79.9342,72.0,84,100,3.0,PE,1616124834
Kirakira,-10.4544,161.9205,81.25,82,100,6.71,SB,1616124836
Kaeo,-35.1,173.7833,70.0,64,41,14.0,NZ,1616124837
Whitehorse,60.7161,-135.0538,28.0,49,20,12.66,CA,1616124839
Ca Mau,9.1769,105.15,91.98,45,83,9.69,VN,1616124840
Tha Mai,12.6214,102.0048,90.0,64,69,6.53,TH,1616124841
Karpogory,64.0019,44.4451,-2.65,96,76,6.11,RU,1616124842
Derzhavīnsk,51.1,66.3167,24.06,72,100,16.87,KZ,1616124522
Avera,33.194,-82.5271,59.0,55,1,17.27,US,1616124844
Xiongzhou,25.1167,114.3,86.13,55,48,5.1,CN,1616124846
Bacsay,15.65,120.3333,91.63,54,95,3.67,PH,1616124847
Jamame,0.0722,42.7506,77.49,84,37,7.2,SO,1616124848
Hualmay,-11.0964,-77.6139,70.99,79,100,6.76,PE,1616124643
Pereslavl'-Zalesskiy,56.7393,38.8563,19.85,97,45,4.76,RU,1616124850
Richards Bay,-28.783,32.0377,70.21,92,0,3.49,ZA,1616124851
Handan,36.6006,114.4678,50.54,42,74,1.83,CN,1616124852
Tabas,33.5959,56.9244,66.22,40,82,3.6,IR,1616124537
Byron Bay,-28.65,153.6167,82.4,78,90,6.91,AU,1616124854
Ha Tinh,18.3333,105.9,85.26,62,43,6.26,VN,1616124856
Abonnema,4.7084,6.7931,77.0,94,40,3.53,NG,1616124740
Zhirnovsk,50.9845,44.7735,25.02,96,100,6.71,RU,1616124858
Voh,-20.9667,164.7,82.76,69,100,7.4,NC,1616124859
Tsil'na,54.5953,48.1414,26.6,100,90,8.95,RU,1616124860
Quatre Cocos,-20.2078,57.7625,79.0,88,40,1.14,MU,1616124861
Letlhakane,-21.4167,25.5833,68.02,58,0,6.53,BW,1616124862
Nome,64.5011,-165.4064,1.4,60,1,6.91,US,1616124414
Shirokiy,49.758,129.523,28.78,79,57,7.47,RU,1616124864
Mossamedes,-15.1961,12.1522,72.21,75,57,4.61,AO,1616124865
Goderich,43.7501,-81.7165,30.2,43,100,16.11,CA,1616124275
Ponta Delgada,37.7333,-25.6667,59.0,77,75,8.05,PT,1616124869
Ishinomaki,38.4167,141.3,50.0,40,40,10.36,JP,1616124870
Naze,28.3667,129.4833,77.0,73,40,12.66,JP,1616124872
Portland,45.5234,-122.6762,46.4,81,90,9.22,US,1616124660
Mitú,1.1983,-70.1733,72.66,91,92,1.57,CO,1616124875
Bosaso,11.2842,49.1816,76.53,66,31,6.89,SO,1616124876
Sørland,67.667,12.6934,34.2,94,100,36.86,NO,1616124629
Mezen',65.8522,44.24,-8.18,97,53,5.57,RU,1616124878
Shima,24.4478,117.8111,71.6,73,90,4.47,CN,1616124879
Leningradskiy,69.3833,178.4167,-16.4,85,0,2.62,RU,1616124880
Tigzirt,36.8886,4.1198,51.1,81,100,10.78,DZ,1616124881
Valdepeñas,38.7621,-3.3848,39.0,69,16,1.01,ES,1616124882
Te Anau,-45.4167,167.7167,62.92,60,9,3.33,NZ,1616124884
Vaitape,-16.5167,-151.75,82.44,64,60,3.85,PF,1616124885
Assiut,27.181,31.1837,53.6,62,0,5.75,EG,1616124886
Los Llanos de Aridane,28.6585,-17.9182,60.8,55,0,5.75,ES,1616124887
Luanda,-8.8368,13.2343,80.6,83,40,3.44,AO,1616124562
Benito Juarez,19.385,-99.165,64.4,34,90,9.22,MX,1616124889
Atar,20.5169,-13.0499,69.62,13,0,3.67,MR,1616124599
Mazagão,-0.115,-51.2894,78.8,89,75,3.44,BR,1616124891
Gaptsakh,41.4517,47.9303,31.75,58,2,9.1,RU,1616124892
Bakel,14.905,-12.4568,76.84,18,0,9.13,SN,1616124894
Ankang,32.68,109.0172,50.0,26,100,7.0,CN,1616124895
Salalah,17.0151,54.0924,71.6,53,0,3.44,OM,1616124535
Barcelos,41.5388,-8.6151,51.8,50,0,8.05,PT,1616124897
Lagoa,39.05,-27.9833,58.53,81,100,22.12,PT,1616124898
Tiarei,-17.5333,-149.3333,86.0,66,40,4.61,PF,1616124900
Rio Grande,-32.035,-52.0986,65.64,78,34,8.12,BR,1616124901
Kalmunai,7.4167,81.8167,81.97,76,100,7.36,LK,1616124902
Gari,59.4307,62.3497,19.24,93,100,5.59,RU,1616124903
Omboué,-1.5746,9.2618,76.14,84,100,2.73,GA,1616124647
Tazovsky,67.4667,78.7,-8.55,97,100,7.0,RU,1616124906
Arica,-18.475,-70.3042,68.0,83,0,2.3,CL,1616124908
Dutlwe,-23.9833,23.9,67.39,51,2,6.31,BW,1616124909
Blairmore,49.6,-114.4353,44.6,70,91,1.14,CA,1616124911
Grindavik,63.8424,-22.4338,44.6,100,90,23.02,IS,1616124604
Lethem,3.3803,-59.7968,78.44,70,49,13.44,GY,1616124913
Båtsfjord,70.6345,29.7185,15.8,79,20,10.36,NO,1616124914
Skjervøy,70.0311,20.9714,26.76,59,100,20.22,NO,1616124386
Mehamn,71.0357,27.8492,20.44,76,97,20.2,NO,1616124523
Diamantino,-14.4086,-56.4461,71.37,98,100,2.64,BR,1616124917
Yelan',50.949,43.7378,26.67,95,100,7.47,RU,1616124918
Thinadhoo,0.5333,72.9333,83.03,68,55,4.18,MV,1616124919
Muzhi,65.3667,64.6667,3.29,95,100,8.46,RU,1616124921
Dukat,62.55,155.55,-9.71,93,100,6.46,RU,1616124922
Ptichye,45.5168,41.7115,37.0,87,0,15.66,RU,1616124924
Zhigansk,66.7697,123.3711,6.8,96,100,24.43,RU,1616124534
Borovskoy,53.8,64.15,24.12,83,100,15.05,KZ,1616124926
Yarmouth,41.7057,-70.2286,42.01,93,90,17.27,US,1616124927
La Santisima Trinidad,-14.8333,-64.9,66.33,97,98,2.37,BO,1616124928
Canyon,34.9803,-101.9188,42.01,75,0,1.99,US,1616124904
Hambantota,6.1241,81.1185,78.8,94,90,8.05,LK,1616124930
Porto-Novo,6.4965,2.6036,77.0,83,20,3.44,BJ,1616124931
Jalpan,21.2333,-99.4833,59.27,74,0,3.74,MX,1616124933
Omsukchan,62.5333,155.8,-4.52,89,100,8.72,RU,1616124934
Manuk Mangkaw,4.8,119.85,83.37,75,8,7.45,PH,1616124935
New Waterford,40.8451,-80.6145,37.99,66,100,5.99,US,1616124936
Pa Daet,19.5049,99.9924,78.8,73,38,3.44,TH,1616124938
Yangi Marg`ilon,40.4272,71.7189,46.4,66,100,4.61,UZ,1616124390
Dārāb,28.7519,54.5444,71.24,23,0,5.99,IR,1616124941
Kasongo-Lunda,-6.4667,16.8167,68.16,97,87,0.36,CD,1616124942
Keffi,8.8486,7.8736,74.12,80,94,1.05,NG,1616124943
Vrede,-27.4257,29.1659,50.09,80,0,2.71,ZA,1616124944
Camacha,33.0833,-16.3333,60.8,77,40,14.97,PT,1616124945
Bud,39.447,-86.1758,39.99,75,90,18.41,US,1616124437
Alofi,-19.0595,-169.9187,86.0,66,75,11.5,NU,1616124356
Semnan,35.5729,53.3971,57.27,35,0,2.91,IR,1616124950
Cheremisinovo,51.8855,37.2646,26.6,93,69,5.3,RU,1616124951
Xining,36.6167,101.7667,31.89,90,99,4.36,CN,1616124371
Sakakah,29.9697,40.2064,53.6,50,0,5.75,SA,1616124953
Alyangula,-13.8483,136.4192,84.63,75,100,14.97,AU,1616124954
Tottori-shi,35.5,134.2333,55.4,58,75,21.85,JP,1616124956
Beyneu,45.3167,55.2,39.47,81,41,21.45,KZ,1616124958
Thunder Bay,48.4001,-89.3168,27.0,80,1,2.3,CA,1616124959
Balaipungut,1.05,101.2833,82.4,69,40,6.91,ID,1616124960
Valparaíso,-33.0393,-71.6273,51.8,100,0,1.14,CL,1616124849
Norman Wells,65.282,-126.8329,5.0,85,90,12.66,CA,1616124962
Constitución,-35.3333,-72.4167,52.39,85,0,3.09,CL,1616124585
Haines Junction,60.7522,-137.5108,26.6,50,94,4.61,CA,1616124965
Sirte,31.2089,16.5887,61.59,52,26,14.81,LY,1616124966
Villazón,-22.0866,-65.5942,48.7,88,82,10.38,BO,1616124967
Paamiut,61.994,-49.6678,20.37,69,84,16.55,GL,1616124968
Malayal,7.208,121.942,84.18,72,18,5.61,PH,1616124969
Vredendal,-31.6683,18.5012,57.29,91,0,3.09,ZA,1616124971
Boa Vista,2.8197,-60.6733,80.6,69,0,9.22,BR,1616124972
Klaksvík,62.2266,-6.589,44.6,100,75,13.8,FO,1616124973
Homer,59.6425,-151.5483,24.8,39,1,12.66,US,1616124708
Chernyanka,50.9409,37.8069,29.95,76,94,6.64,RU,1616124976
Konya Province,38.1667,32.5,26.6,93,0,2.3,TR,1616124977
Mumbwa,-14.9783,27.0619,61.02,96,97,4.61,ZM,1616124978
Il’inskiy,55.619,38.1182,30.2,100,75,6.71,RU,1616124979
Riohacha,11.5444,-72.9072,77.34,78,45,9.89,CO,1616124980
Mugur-Aksy,50.35,90.5,9.82,67,10,4.85,RU,1616124981
Riyadh,24.6877,46.7219,73.4,38,0,4.61,SA,1616124750
Macenta,8.5435,-9.471,68.18,94,97,1.83,GN,1616124985
Tayga,56.06,85.6197,23.0,80,75,15.66,RU,1616124986
Saint-Louis,16.3333,-15.0,71.6,46,0,10.65,SN,1616124987
Pīshvā,35.308,51.7267,59.0,50,0,6.91,IR,1616124988
Mareeba,-17.0,145.4333,87.8,66,64,8.05,AU,1616124989
Guinabsan,8.8975,125.4161,89.4,57,62,2.53,PH,1616124990
Ambovombe,-25.1667,46.0833,75.33,75,0,4.9,MG,1616124992
Novska,45.3406,16.9769,28.4,93,0,2.3,HR,1616124993
Verkhoyansk,67.5447,133.385,5.68,72,100,9.64,RU,1616124994
Boden,65.8252,21.6886,6.8,85,5,4.61,SE,1616124995
Campina Verde,-19.5356,-49.4864,70.56,77,48,4.0,BR,1616124996
Yokadouma,3.5167,15.05,67.69,95,79,2.04,CM,1616124997
Verkhnyaya Inta,65.9811,60.3094,8.15,94,100,8.59,RU,1616124999
Ferrol,43.4832,-8.2369,50.0,73,98,5.99,ES,1616125000
Trairi,-3.2778,-39.2689,75.69,91,33,4.5,BR,1616125002
Santiago de Cao,-7.9589,-79.2392,72.48,77,100,9.89,PE,1616125003
Zyryanka,65.75,150.85,-12.12,86,100,5.59,RU,1616124526
Teruel,40.6667,-0.6667,44.6,69,90,13.8,ES,1616125005
Qaqortoq,60.7167,-46.0333,26.6,63,90,4.61,GL,1616125007
Tshikapa,-6.4167,20.8,69.55,90,88,1.7,CD,1616125009
Westport,41.1415,-73.3579,44.01,81,90,17.27,US,1616125011
Noumea,-22.2763,166.4572,84.2,65,75,4.61,NC,1616125012
Shuyskoye,59.3736,41.0305,18.32,95,86,5.57,RU,1616125013
Tokur,53.1333,132.9,21.65,77,100,3.31,RU,1616125014
Vardø,70.3705,31.1107,15.8,79,20,10.36,NO,1616125016
Altay,47.8667,88.1167,16.02,67,0,1.07,CN,1616125017
Jagalūr,14.5333,76.35,83.98,29,54,1.3,IN,1616125018
Coquimbo,-29.9533,-71.3436,59.0,77,0,3.44,CL,1616124590
Segovia,41.1667,-4.0,35.01,71,87,5.01,ES,1616125020
Pedasí,7.5333,-80.0333,77.41,84,100,4.38,PA,1616125022
Skjeberg,59.2333,11.2,32.0,74,75,9.22,NO,1616125023
Santa Barbara,34.7333,-120.0343,54.0,76,1,4.61,US,1616124922
Mbuji-Mayi,-6.15,23.6,68.54,87,92,2.21,CD,1616125026
College,64.8569,-147.8028,12.0,72,75,5.75,US,1616124429
Leh,34.1667,77.5833,24.31,50,68,2.86,IN,1616125028
Tobol,52.6844,62.5794,25.16,82,100,15.32,KZ,1616125029
Kresttsy,58.2452,32.5165,21.81,91,100,7.43,RU,1616125030
Gravdal,68.1214,13.5031,32.97,97,100,37.89,NO,1616125031
Barzas,55.7167,86.3167,15.8,79,90,6.71,RU,1616125032
‘Ewa Beach,21.3156,-158.0072,73.4,64,75,12.66,US,1616125033
Cherskiy,68.75,161.3,-13.04,88,0,6.44,RU,1616125035
San Cristobal,7.7669,-72.225,75.2,100,75,4.61,VE,1616125036
Grootfontein,-19.5667,18.1167,64.4,94,75,2.3,NA,1616124648
Piet Retief,-27.0071,30.8132,55.81,97,10,3.02,ZA,1616125038
Preston,53.7667,-2.7167,45.0,81,84,7.02,GB,1616125039
Urusha,54.05,122.9,26.42,78,49,2.35,RU,1616124619
Aktas,49.7789,72.9608,17.6,62,0,20.13,KZ,1616125043
Baudh,20.8416,84.3213,92.64,15,100,3.33,IN,1616125044
Maniitsoq,65.4167,-52.9,18.5,92,100,19.73,GL,1616125045
Boende,-0.2167,20.8667,69.42,95,98,1.16,CD,1616125046
Rawson,-43.3002,-65.1023,67.68,38,96,21.7,AR,1616124624
Salekhard,66.53,66.6019,-5.8,94,100,11.25,RU,1616124442
Graham,47.0529,-122.2943,45.0,81,20,5.75,US,1616125051
Camacupa,-12.0167,17.4833,60.15,93,98,2.44,AO,1616125052
El Vigia,8.6219,-71.6506,75.11,88,21,2.59,VE,1616125053
Santa Cruz,30.4202,-9.5982,55.4,94,20,2.93,MA,1616125055
Fenyi,27.8112,114.6681,64.67,85,92,3.78,CN,1616125056
Egvekinot,66.3167,-179.1667,-12.69,81,0,1.32,RU,1616125057
Ramona,33.0417,-116.8681,54.0,87,40,14.97,US,1616125059
Townsville,-19.25,146.8,87.8,66,40,11.5,AU,1616125060
Cap-Chat,49.1001,-66.6821,19.4,63,84,26.46,CA,1616124959
Port Lincoln,-34.7333,135.8667,75.42,55,0,10.98,AU,1616125062
Mantenópolis,-18.8625,-41.1228,66.47,97,96,2.08,BR,1616125063
Araouane,18.9048,-3.5265,69.55,13,38,7.16,ML,1616125064
Plettenberg Bay,-34.0527,23.3716,64.44,83,59,8.48,ZA,1616125065
Saint-Augustin,51.226,-58.6502,33.58,94,100,17.83,CA,1616125067
Antalaha,-14.9003,50.2788,77.05,80,89,6.38,MG,1616125068
Sittwe,20.15,92.9,82.49,31,46,4.92,MM,1616125069
Camalú,30.85,-116.0667,54.0,53,0,1.01,MX,1616125070
Bam,29.106,58.357,78.8,18,20,6.82,IR,1616125072
Aksha,50.2814,113.2867,26.91,61,88,10.42,RU,1616125073
Langham,52.3668,-106.9679,39.2,70,1,3.44,CA,1616125074
Fort Nelson,58.8053,-122.7002,46.4,36,75,4.61,CA,1616125075
Pirovskoye,57.6267,92.2658,16.63,92,100,10.16,RU,1616124493
Rock Springs,41.5875,-109.2029,39.2,60,1,9.22,US,1616124919
Mangulile,15.0667,-86.8,63.86,97,88,1.19,HN,1616125078
Oyama,36.3,139.8,64.99,44,75,13.8,JP,1616125079
Livingstone,-17.8419,25.8543,63.45,83,11,1.23,ZM,1616125080
Green River,41.5286,-109.4662,39.2,60,1,9.22,US,1616124989
